name,03-22-2020,03-23-2020,03-24-2020,03-25-2020,03-26-2020,03-27-2020,03-28-2020,03-29-2020,03-30-2020,03-31-2020,04-01-2020,04-02-2020,04-03-2020,04-04-2020,04-05-2020,04-06-2020,04-07-2020,04-08-2020,04-09-2020,04-10-2020,04-11-2020,04-12-2020,04-13-2020,04-14-2020,04-15-2020,04-16-2020,04-17-2020,04-18-2020,04-19-2020,04-20-2020,04-21-2020,04-22-2020,04-23-2020,04-24-2020,04-25-2020,04-26-2020,04-27-2020,04-28-2020,04-29-2020,04-30-2020,05-01-2020,05-02-2020,05-03-2020,05-04-2020,05-05-2020,05-06-2020,05-07-2020,05-08-2020,05-09-2020,05-10-2020,05-11-2020,05-12-2020,05-13-2020,05-14-2020,05-15-2020,05-16-2020,05-17-2020,05-18-2020,05-19-2020,05-20-2020,05-21-2020,05-22-2020,05-23-2020,05-24-2020,05-25-2020,05-26-2020,05-27-2020,05-28-2020,05-29-2020,05-30-2020,05-31-2020,06-01-2020,06-02-2020,06-03-2020
Adams Colorado,0,0,0,0,0,0,0,0,0,2,2,2,7,9,10,12,12,14,14,14,23,26,26,27,27,28,29,31,35,35,46,46,50,57,57,58,60,61,62,63,68,68,68,68,72,75,78,80,81,81,81,84,86,91,99,102,102,102,104,108,108,111,112,112,112,116,118,118,120,120,120,123,125,127
Alameda California,0,1,2,2,4,4,4,6,7,7,7,8,12,12,12,13,15,16,16,20,21,23,23,23,36,39,40,41,42,42,43,43,46,48,52,52,52,55,57,60,62,63,63,63,66,66,67,70,71,71,71,74,76,79,83,83,83,83,86,88,90,90,92,93,93,93,93,94,95,95,96,96,97,97
Alexandria Virginia,0,0,0,0,0,0,0,0,0,0,0,0,0,0,0,0,0,1,1,1,1,1,1,1,1,6,7,7,7,8,8,12,14,15,18,19,19,20,21,21,24,26,26,26,26,26,29,29,30,30,30,30,31,32,32,34,34,34,34,34,37,37,38,38,38,41,42,44,44,44,44,45,44,46
Allegheny Pennsylvania,1,1,2,2,2,2,2,2,2,2,2,2,2,3,4,4,6,10,12,18,19,19,21,24,26,38,43,47,50,55,67,74,74,74,73,73,79,87,86,94,99,102,102,102,109,111,117,119,120,122,123,127,139,139,141,143,143,143,145,147,148,154,158,159,160,160,160,161,162,163,163,164,165,166
Allen Indiana,0,1,1,1,1,1,1,1,1,1,2,2,2,2,2,6,6,7,7,9,10,10,11,13,15,16,19,16,19,27,27,27,23,24,26,27,33,37,43,50,51,52,54,54,55,56,58,58,58,58,59,59,60,61,60,61,61,61,65,65,65,65,65,65,66,66,66,66,68,69,69,69,70,71
Anne Arundel Maryland,0,0,0,0,0,0,0,0,0,1,1,3,4,6,6,8,8,12,12,16,19,27,29,32,32,32,34,41,46,48,52,56,61,63,70,71,74,78,83,91,90,94,96,101,107,108,111,115,117,121,124,127,133,135,136,141,142,142,145,145,147,149,150,153,157,159,163,163,167,172,174,175,178,178
Anoka Minnesota,0,0,0,0,0,0,0,0,0,0,0,0,0,0,0,0,0,0,0,0,0,0,0,0,0,0,1,2,2,2,2,2,2,3,3,5,5,8,8,10,11,14,17,17,20,24,27,27,29,29,29,31,33,35,38,40,40,42,42,45,49,53,55,55,56,56,59,63,67,70,70,70,71,73
Apache Arizona,0,0,0,0,0,0,0,0,0,0,0,0,0,0,0,0,0,0,0,0,0,0,0,0,0,0,0,4,4,4,5,5,5,5,5,5,5,5,5,6,6,6,6,6,7,7,7,10,10,10,10,11,12,12,16,20,20,20,20,22,22,23,25,25,26,26,26,28,34,35,35,39,41,45
Arapahoe Colorado,0,0,0,0,0,0,1,3,3,6,6,7,10,10,13,15,15,19,19,19,30,38,39,43,43,52,55,58,65,65,80,87,101,125,127,127,130,136,140,141,152,153,156,157,165,167,172,177,176,176,179,183,200,213,227,244,254,253,258,272,273,276,278,280,280,284,298,301,304,305,305,307,309,320
Arlington Virginia,0,0,0,0,0,0,0,2,2,2,2,2,2,2,2,2,2,2,2,2,2,2,2,2,2,16,16,16,16,22,22,24,24,24,29,32,32,32,32,41,42,46,46,47,49,49,52,57,60,61,60,66,69,70,71,74,75,77,79,81,89,91,95,98,101,104,109,109,111,113,115,116,117,120
Atlantic New Jersey,0,0,0,0,0,0,0,0,0,0,0,1,1,1,1,1,4,4,4,6,7,8,8,11,13,13,17,19,19,19,19,24,30,29,29,29,30,35,37,41,45,48,49,51,51,54,62,68,72,72,77,79,88,99,107,110,112,112,121,126,128,130,143,144,144,149,155,156,158,159,159,159,162,163
Baltimore Maryland,1,1,1,1,1,1,1,1,1,1,1,3,3,4,6,11,11,13,16,21,26,30,31,41,41,41,37,45,50,50,58,67,71,74,79,81,98,107,118,123,129,139,147,151,157,163,169,177,185,191,194,204,218,223,234,240,250,255,263,277,286,292,299,300,307,312,320,323,336,340,344,349,358,366
Baltimore City Maryland,0,0,0,0,0,0,0,2,2,2,2,2,4,6,7,8,9,10,12,17,22,24,26,29,29,31,38,43,51,54,59,64,66,71,78,79,88,90,101,112,115,126,129,129,133,140,149,155,163,169,171,178,186,192,192,200,203,208,210,215,218,220,229,231,234,236,236,240,248,254,258,261,263,266
Barnstable Massachusetts,0,0,0,1,1,2,2,2,2,2,3,3,6,6,6,7,10,11,11,11,15,16,16,16,18,18,18,20,21,21,22,22,22,22,37,37,39,39,40,43,45,46,47,47,48,55,57,61,66,68,73,73,79,82,86,90,93,95,96,98,99,103,107,109,110,110,111,115,116,115,116,118,118,121
Bergen New Jersey,6,6,6,6,6,6,13,23,23,4,75,120,132,179,189,200,263,314,345,390,435,453,482,550,608,668,714,741,767,787,787,876,907,934,954,955,960,1002,1057,1136,1187,1202,1210,1215,1261,1289,1319,1329,1348,1355,1358,1388,1409,1423,1443,1450,1455,1460,1474,1500,1508,1515,1521,1525,1525,1528,1547,1553,1567,1573,1579,1580,1584,1595
Berks Pennsylvania,0,0,0,0,0,0,0,0,0,0,0,1,1,2,3,3,4,12,12,12,19,20,21,27,28,31,34,40,65,74,82,85,86,87,88,88,89,91,116,117,117,118,118,118,147,148,168,168,169,170,171,172,179,196,207,208,208,248,262,273,279,283,292,296,296,296,301,308,311,316,317,317,321,322
Bernalillo New Mexico,0,0,0,0,0,0,0,1,1,3,4,4,7,7,7,7,8,8,11,12,13,16,16,16,17,17,18,23,24,24,24,29,31,33,33,33,33,35,35,35,36,38,40,40,42,44,44,45,46,46,48,50,53,54,56,56,57,59,59,59,63,66,66,68,68,68,69,70,71,71,71,71,72,72
Bexar Texas,1,1,1,2,3,5,5,5,6,6,9,9,9,9,11,12,12,18,20,22,24,27,30,33,33,37,37,37,38,39,39,39,43,43,43,43,43,44,44,48,48,48,48,48,48,48,53,54,54,56,56,56,57,58,58,62,62,62,62,62,63,64,66,66,66,69,69,71,71,72,73,74,75,75
Black Hawk Iowa,0,0,0,0,0,0,0,0,0,0,0,0,0,0,0,0,0,0,0,0,0,0,0,0,0,0,1,1,1,2,2,4,4,7,8,9,11,12,13,13,13,13,15,15,18,19,19,20,20,23,25,28,28,29,29,29,30,30,31,36,37,37,38,39,39,40,43,43,44,44,44,45,45,46
Bristol Massachusetts,0,0,0,0,0,1,1,1,2,2,3,3,4,5,8,8,16,23,23,23,39,43,43,43,56,56,63,75,87,87,96,96,96,96,130,130,137,155,165,172,182,187,198,205,210,223,232,252,260,266,274,278,288,297,303,313,320,324,330,338,345,353,362,369,375,382,390,399,404,410,415,429,435,441
Broward Florida,3,3,3,3,3,5,10,11,11,12,12,17,22,31,40,46,47,58,66,72,76,76,77,78,92,101,107,115,115,122,126,141,157,162,162,170,174,179,182,185,199,204,207,208,215,219,230,248,257,257,258,258,267,267,272,278,279,281,282,285,286,286,292,292,298,300,305,307,308,313,313,314,317,318
Brown Wisconsin,0,0,0,0,0,0,0,0,0,0,0,0,0,0,0,0,0,0,0,1,1,1,1,1,1,1,1,1,1,1,2,2,2,2,2,2,2,3,3,3,5,6,6,6,9,11,12,13,18,18,18,20,20,21,21,22,22,23,26,29,29,31,32,32,32,32,33,34,35,37,37,37,37,37
Bucks Pennsylvania,0,0,0,0,0,0,0,1,4,3,6,6,8,11,14,17,21,24,25,28,32,35,38,41,52,60,67,75,84,90,116,126,126,135,141,141,148,168,185,205,225,237,240,240,280,304,320,331,336,341,349,364,373,395,410,421,422,417,426,431,442,454,460,461,461,461,473,486,493,501,503,503,515,519
Burlington New Jersey,0,0,0,0,0,0,0,2,2,0,5,8,9,10,11,11,13,17,21,22,22,23,24,28,45,52,54,57,58,61,61,68,76,81,88,94,98,106,117,130,144,146,149,149,164,177,185,190,194,198,200,208,214,228,238,239,239,245,247,249,249,261,266,270,271,273,275,277,286,290,291,294,297,302
Caddo Louisiana,0,0,0,0,1,2,2,5,5,7,7,10,10,10,19,21,26,25,26,39,39,39,39,56,57,55,56,68,70,72,83,84,85,85,92,93,93,100,106,107,113,113,114,114,123,124,126,128,129,133,132,135,140,143,147,155,155,155,155,156,156,156,156,174,174,175,178,180,186,188,188,189,190,198
Camden New Jersey,0,1,1,1,1,1,1,1,1,3,3,6,7,8,8,8,12,22,23,29,29,32,35,41,49,60,64,73,74,81,81,94,104,106,118,121,122,124,136,147,155,161,163,163,180,189,193,199,217,225,227,236,246,256,262,268,272,275,279,286,290,299,303,307,308,307,313,318,327,334,338,338,339,346
Cass Indiana,0,0,0,0,0,0,0,0,0,0,0,0,0,0,0,0,0,0,1,1,1,1,1,1,1,1,1,1,1,1,1,1,1,1,1,1,1,1,3,2,2,2,2,2,2,2,2,2,2,3,3,4,4,4,5,5,5,5,6,6,6,6,6,6,6,6,7,7,7,7,7,7,7,7
Cass North Dakota,0,0,0,0,0,1,1,1,1,1,1,1,1,1,1,1,1,1,1,1,2,2,2,2,2,2,2,2,2,2,6,7,8,8,9,10,12,12,12,12,12,12,12,12,12,17,17,17,18,18,21,23,23,25,26,26,26,27,28,32,34,34,35,36,37,37,37,40,42,43,44,44,54,55
Charles Maryland,0,0,0,0,0,0,0,1,1,1,1,1,1,1,2,2,2,2,3,4,5,9,10,12,12,13,15,16,17,20,23,30,32,34,35,35,37,39,42,44,46,47,50,50,50,52,51,54,53,54,54,55,57,59,61,62,62,62,63,64,65,67,69,69,69,70,71,72,72,72,72,73,73,75
Chester Pennsylvania,0,0,0,0,0,0,0,0,0,1,1,2,2,2,2,3,6,6,7,9,15,17,17,20,25,26,30,36,42,44,65,67,67,77,82,82,81,85,101,111,111,117,117,118,149,156,167,176,183,184,187,189,197,213,218,220,220,227,230,235,238,242,245,248,251,252,260,270,277,280,281,281,284,287
Chesterfield Virginia,0,0,0,0,0,0,0,0,0,0,0,0,0,0,0,0,0,0,0,0,0,0,0,0,0,0,0,0,0,0,0,7,7,17,18,18,18,19,19,20,24,24,24,24,25,25,26,26,26,26,26,28,29,29,29,29,29,29,29,29,29,29,29,29,30,32,32,36,35,35,35,35,37,37
Clark Nevada,2,4,4,6,6,10,10,14,14,23,28,34,39,41,41,41,54,65,71,75,75,100,101,106,115,115,124,133,137,137,141,150,163,168,174,174,174,186,196,202,206,215,218,223,226,238,245,245,256,260,260,267,275,275,291,293,296,296,296,314,320,322,322,322,329,329,331,339,339,343,343,343,343,355
Clayton Georgia,0,0,0,0,0,0,1,1,1,3,3,5,6,9,9,9,10,11,11,11,11,11,12,12,13,13,14,17,17,20,20,21,21,21,21,21,24,24,26,27,33,33,33,32,33,33,34,34,34,34,34,35,35,36,38,38,39,38,38,39,42,43,43,43,43,44,46,45,45,45,49,50,51,51
Cobb Georgia,2,2,2,2,2,2,8,9,9,12,15,17,18,20,23,25,29,29,29,33,33,33,35,41,43,47,51,51,51,56,59,63,66,72,74,75,81,81,88,94,96,96,97,101,102,107,108,113,116,117,118,124,127,129,132,132,132,133,135,135,138,141,141,142,146,150,157,168,170,171,175,183,183,186
Coconino Arizona,0,0,0,1,1,2,2,2,2,2,2,5,5,10,10,10,10,14,15,15,15,15,21,22,24,26,26,29,26,31,31,35,32,34,38,38,38,38,42,42,44,44,44,44,46,48,49,55,55,55,56,58,58,59,62,64,64,65,66,68,69,69,72,72,72,73,75,79,81,81,81,81,81,85
Collier Florida,0,0,0,0,0,0,0,0,1,1,1,2,2,2,2,2,3,3,3,3,4,4,5,5,5,6,8,8,8,9,10,10,14,15,15,15,15,16,17,19,21,21,21,22,25,27,27,27,27,27,28,32,34,35,37,37,37,37,40,40,41,42,45,45,46,46,46,49,49,49,49,49,49,49
Collin Texas,1,1,1,1,1,1,1,1,1,1,1,1,1,3,3,4,4,5,6,6,7,7,10,10,10,11,11,13,13,13,14,14,14,16,16,16,17,17,19,19,20,22,22,22,22,22,22,24,27,28,28,29,29,30,30,31,31,31,31,31,31,31,31,33,33,33,33,33,33,34,34,34,34,34
Contra Costa California,1,1,1,1,1,1,2,3,3,3,3,3,3,5,6,7,7,7,8,9,11,11,11,11,14,16,19,19,20,22,22,22,23,23,25,29,25,25,25,27,28,28,28,28,29,29,29,29,32,31,32,32,33,33,33,33,33,33,33,33,36,36,36,36,37,37,37,37,37,37,37,38,37,38
Cook Illinois,4,9,9,14,18,20,28,40,44,61,95,107,141,167,186,209,209,310,310,399,455,485,543,577,630,722,760,860,877,915,1002,1072,1142,1220,1267,1313,1347,1457,1516,1607,1673,1743,1786,1802,1922,2004,2110,2197,2264,2317,2361,2449,2589,2675,2762,2814,2839,2889,2980,3074,3114,3187,3246,3304,3324,3354,3455,3519,3570,3603,3642,3658,3726,3780
Cumberland Maine,0,0,0,0,0,1,1,3,3,3,3,5,5,5,5,5,9,10,11,11,12,12,12,12,14,14,14,14,16,16,17,18,23,24,24,24,24,24,25,26,27,27,28,28,30,30,30,30,30,30,31,31,32,34,34,35,35,36,38,38,38,38,40,40,40,41,43,46,47,50,50,50,54,54
Cumberland New Jersey,0,0,0,0,0,0,0,0,1,1,1,1,1,2,2,2,2,2,3,3,3,3,3,3,3,3,3,4,4,4,4,5,5,5,6,6,8,10,10,12,13,16,17,19,23,25,25,28,34,36,40,43,43,48,48,49,51,53,56,57,60,61,62,63,63,63,65,65,69,72,73,75,78,79
Cuyahoga Ohio,1,1,2,2,2,2,3,3,4,6,9,12,13,13,14,15,19,23,23,23,22,23,24,33,39,42,48,52,53,55,64,79,83,91,91,91,96,109,110,112,115,115,120,121,128,131,136,143,145,146,147,151,153,157,162,163,173,175,183,190,202,204,207,209,217,221,224,226,226,226,226,241,245,247
Dakota Minnesota,0,0,0,0,0,0,0,0,0,0,0,0,0,1,2,2,3,3,3,4,4,4,4,5,5,5,5,5,6,6,6,6,6,6,6,7,7,9,9,10,11,11,11,11,11,12,12,12,15,15,15,15,15,16,17,18,23,23,25,31,32,33,33,35,35,38,44,49,51,54,55,57,59,59
Dakota Nebraska,0,0,0,0,0,0,0,0,0,0,0,0,0,0,0,0,0,0,0,0,0,0,0,0,0,0,0,1,1,1,1,1,1,1,3,3,3,3,3,3,3,3,3,3,3,3,3,15,15,15,15,15,15,15,15,15,15,15,15,15,15,15
Dallas Texas,2,4,5,6,7,7,9,10,11,13,15,17,17,18,18,18,19,20,22,25,27,31,32,42,43,50,55,60,60,60,60,65,72,77,81,82,82,94,94,104,106,110,111,114,121,123,125,135,143,143,145,145,153,159,164,170,176,177,191,191,203,207,210,211,211,213,221,222,223,223,229,229,245,249
Dauphin Pennsylvania,0,0,0,0,0,0,0,0,0,1,1,1,1,1,1,1,1,2,2,2,3,4,4,5,5,7,7,9,9,9,11,13,16,19,18,18,21,20,21,25,25,25,28,28,29,29,33,37,36,36,36,38,39,40,41,39,39,50,50,51,52,57,62,63,63,63,66,71,72,73,73,74,77,85
Davidson Tennessee,2,2,2,2,2,2,2,2,3,3,4,5,6,6,6,7,9,13,13,13,13,13,16,18,18,19,19,19,19,19,20,20,21,21,22,23,25,25,25,28,28,28,28,29,30,31,31,31,31,31,32,33,37,40,41,41,44,44,46,46,48,48,54,57,58,60,60,60,60,62,62,62,64,65
DeKalb Georgia,0,0,0,0,0,0,2,3,3,3,4,6,8,8,9,10,11,11,12,13,13,14,14,15,15,18,23,24,24,27,29,31,34,36,36,36,42,43,46,47,49,52,53,57,59,61,62,69,69,69,71,72,73,75,80,81,82,86,87,88,96,100,102,102,104,107,111,112,112,112,120,121,121,122
Delaware Pennsylvania,0,0,0,2,2,3,4,4,4,5,7,8,10,13,14,15,20,23,26,30,39,39,41,46,60,71,73,77,91,100,118,123,123,129,140,141,142,161,224,235,240,255,255,258,318,326,376,382,394,395,399,405,419,448,466,478,478,436,451,472,481,501,513,514,514,514,532,544,550,558,558,559,567,576
Denton Texas,0,0,0,0,1,1,2,2,2,4,4,5,6,6,7,7,7,7,7,9,10,13,13,13,14,14,15,15,16,16,17,18,19,19,19,20,20,20,20,20,21,22,22,22,22,22,22,23,25,25,25,25,25,25,28,28,28,28,28,28,28,28,28,30,30,30,30,30,30,30,31,31,32,32
Denver Colorado,0,0,0,3,3,3,3,5,5,7,7,8,11,14,16,15,15,33,33,33,42,46,51,56,56,61,63,66,75,75,91,96,98,128,132,132,135,145,150,154,163,164,166,166,188,195,199,202,205,206,212,214,233,237,248,261,265,272,285,294,296,299,299,299,298,301,313,324,326,327,327,329,332,334
District of Columbia District of Columbia,0,2,2,2,2,3,3,4,5,9,9,9,12,15,21,22,24,22,27,32,38,47,50,52,67,72,81,86,91,96,105,112,127,139,153,165,178,185,190,205,224,231,240,251,258,264,277,285,304,311,323,328,336,350,358,368,375,383,392,400,407,412,418,427,432,440,440,445,453,460,462,466,468,470,473
Dougherty Georgia,6,6,6,6,6,12,13,17,17,18,27,29,30,30,30,31,52,61,62,67,69,72,77,78,83,83,91,91,94,98,103,107,109,108,108,108,114,118,120,120,123,124,124,125,126,126,126,126,126,126,128,129,130,132,134,134,134,135,139,139,138,138,139,139,140,142,144,144,144,145,148,149,149,149
Douglas Nebraska,0,0,0,0,0,0,1,1,1,1,1,1,1,1,3,4,4,5,5,5,5,5,5,5,5,5,5,5,8,8,8,8,10,10,10,10,10,10,10,14,14,14,14,14,14,14,14,14,14,14,14,14,14,14,14,14,14,14,14,23,23,23,23,23,23,23,23,23,23,23,23,23,23,23
DuPage Illinois,0,0,0,0,1,6,6,7,8,10,12,14,16,18,22,22,22,30,30,41,46,50,56,61,66,69,77,82,85,90,98,103,118,125,127,131,133,139,142,163,174,188,192,196,207,220,228,236,247,248,251,258,271,279,287,293,298,300,315,326,332,337,339,340,340,340,347,350,362,368,373,374,380,383
Durham North Carolina,0,0,0,0,0,0,0,0,0,0,0,0,0,1,1,1,1,1,1,1,1,1,1,1,2,2,4,4,5,5,6,6,9,9,11,15,15,17,20,21,23,23,24,24,28,30,30,31,32,34,34,37,37,37,37,37,39,39,39,41,43,44,44,44,44,45,46,46,47,47,47,47,47,49
Duval Florida,1,1,1,3,3,3,3,3,3,4,4,9,9,9,9,9,9,10,11,11,11,13,13,13,14,14,15,15,15,16,17,17,17,18,18,18,19,20,20,20,22,23,24,26,26,26,28,29,29,29,29,29,32,32,32,34,35,35,36,36,37,41,41,41,43,44,46,46,47,48,50,51,51,51
East Baton Rouge Louisiana,0,2,2,3,4,4,4,7,9,9,10,11,13,14,22,25,31,33,36,39,45,49,52,58,62,66,66,72,72,74,90,95,100,109,114,120,124,125,129,137,146,148,153,156,163,165,170,171,179,182,188,190,199,201,205,208,212,216,219,221,225,225,225,229,230,230,233,233,236,239,239,239,240,242
El Paso Colorado,3,3,4,5,5,5,7,11,11,13,13,14,16,18,25,28,28,30,30,30,33,37,39,41,41,43,48,49,49,49,53,54,55,72,72,72,68,69,69,70,71,74,75,76,78,77,77,78,78,78,79,81,81,81,83,83,83,83,84,88,88,88,88,89,89,89,88,88,88,88,88,89,95,96
El Paso Texas,0,0,0,0,0,0,0,0,0,0,0,0,0,0,0,0,0,0,0,1,2,2,2,2,4,6,7,7,8,8,9,9,10,10,10,12,12,12,14,18,21,22,22,22,22,22,23,30,32,32,33,33,33,41,43,45,46,47,52,54,57,57,57,58,58,60,68,72,72,78,78,80,83,88
Elkhart Indiana,0,0,0,0,0,0,0,0,0,1,2,3,3,3,3,3,3,3,3,3,3,3,3,3,3,3,3,3,3,3,3,3,4,4,4,4,5,7,7,7,9,9,12,13,13,16,16,16,18,18,18,21,21,22,22,23,23,23,24,26,27,27,27,27,27,28,28,28,28,28,28,28,28,29
Essex Massachusetts,0,0,0,0,2,2,3,4,6,12,17,18,23,25,27,29,35,50,50,50,91,101,101,101,140,140,159,178,209,209,245,245,245,245,336,336,359,383,425,448,460,484,499,512,527,561,578,601,625,644,669,678,704,725,751,766,776,790,797,817,831,842,848,859,863,870,878,895,906,909,925,968,971,979
Essex New Jersey,4,4,4,4,4,4,7,13,13,4,69,99,118,155,172,186,232,276,321,352,412,428,433,535,590,642,684,732,740,751,751,888,932,975,1019,1023,1028,1090,1139,1186,1240,1265,1282,1292,1319,1349,1375,1402,1414,1423,1431,1448,1482,1496,1520,1534,1535,1550,1566,1571,1579,1585,1589,1600,1598,1608,1624,1636,1647,1657,1664,1667,1672,1687
Fairfax Virginia,1,1,1,1,1,1,2,2,2,2,2,2,2,2,2,2,2,9,16,19,20,20,20,20,21,31,37,37,37,37,37,66,76,85,90,95,100,114,124,134,137,153,184,198,201,201,211,227,230,239,243,253,262,267,273,278,282,284,292,302,309,321,326,327,331,340,364,371,378,383,383,387,391,396
Fairfield Connecticut,5,6,7,12,13,15,20,21,21,38,46,65,75,86,96,101,132,132,178,203,220,248,262,287,365,406,425,432,447,512,544,584,615,662,689,707,727,747,774,810,839,865,865,910,935,952,977,1006,1017,1024,1034,1046,1068,1093,1109,1125,1146,1153,1160,1167,1180,1195,1208,1215,1221,1231,1242,1246,1257,1267,1277,1288,1287,1289
Finney Kansas,0,0,0,0,0,0,0,0,0,0,0,0,0,0,0,0,0,0,0,0,0,0,0,1,1,1,1,1,1,1,1,1,1,1,1,1,1,1,1,1,3,3,3,3,3,3,3,3,4,4,4,4,5,5,5,5,5,6,6,6,6,6,6,6,6,8,8,8,8,8,8,8,10,10
Ford Kansas,0,0,0,0,0,0,0,0,0,0,0,0,0,0,0,0,0,0,0,0,0,0,0,0,0,0,0,0,0,0,0,0,0,0,0,0,0,0,1,1,2,2,2,3,3,3,3,3,3,3,7,7,8,8,8,8,8,8,8,8,8,8,8,8,8,8,8,8,8,8,8,8,8,8
Forsyth North Carolina,0,0,0,0,0,0,0,0,0,1,1,1,1,1,2,2,2,2,3,3,4,4,4,4,4,5,5,5,5,5,5,5,5,5,5,5,5,5,5,5,5,5,5,5,5,5,5,5,5,5,5,5,5,7,7,7,7,7,7,7,7,7,7,9,9,9,9,9,11,11,11,11,13,14
Fort Bend Texas,0,0,0,0,0,1,1,1,1,2,2,2,2,2,5,6,6,6,7,10,11,11,11,12,15,15,16,17,17,17,18,18,20,20,21,21,21,22,24,24,26,26,27,28,28,30,32,33,36,36,38,40,40,40,40,40,40,40,40,40,40,40,41,41,41,41,41,41,41,41,44,44,44,45
Franklin Ohio,0,2,2,2,2,2,2,3,2,3,4,5,5,6,8,9,12,12,14,14,14,14,15,18,19,19,22,27,29,35,37,42,46,48,50,53,57,62,71,73,76,78,79,84,87,99,107,108,114,119,124,138,148,150,156,169,170,177,193,200,205,215,224,228,237,239,243,253,256,260,262,271,279,290
Frederick Maryland,0,0,0,0,0,0,0,0,0,0,1,3,3,3,3,4,4,4,4,9,11,12,12,14,20,22,23,31,30,30,33,35,36,41,45,45,48,48,51,56,56,59,61,62,66,68,70,70,72,74,74,77,80,84,88,89,90,90,90,93,94,95,96,98,99,101,103,104,105,105,105,106,107,109
Fresno California,0,0,0,0,0,0,0,0,0,0,0,0,0,1,1,1,2,3,3,3,5,5,5,5,7,7,7,7,7,7,7,7,7,7,7,7,7,7,7,7,8,8,8,8,9,9,9,9,9,9,9,10,10,13,13,16,16,16,17,20,20,22,22,22,22,22,26,32,32,35,35,35,36,37
Fulton Georgia,2,2,2,2,2,2,12,13,14,17,19,22,23,26,27,28,36,41,45,48,50,50,52,60,62,63,73,74,75,80,82,85,88,91,91,94,103,108,115,117,122,122,124,129,130,135,137,144,144,144,145,149,152,159,164,165,165,171,174,174,190,196,197,196,199,209,214,224,229,230,235,241,242,244
Genesee Michigan,0,0,0,0,2,4,5,5,7,7,8,10,11,15,18,26,33,39,48,57,62,68,77,86,89,99,106,112,115,123,131,138,144,151,157,161,165,174,180,188,192,196,196,199,200,208,213,214,223,224,224,225,227,228,229,230,230,231,235,238,240,240,240,240,242,245,247,249,250,252,252,252,252,252
Gloucester New Jersey,0,0,0,0,0,0,1,1,1,0,2,2,3,3,3,3,5,7,8,8,9,9,9,11,14,18,22,23,24,25,25,29,30,30,30,31,33,38,40,46,48,50,51,51,61,63,66,72,79,81,83,90,92,98,106,113,116,117,125,127,129,132,134,134,138,138,140,143,147,147,147,148,148,149
Greenville South Carolina,0,0,0,0,0,1,1,1,1,1,1,1,2,2,2,2,3,3,3,6,7,8,8,10,11,11,11,11,11,11,11,13,13,15,16,19,20,22,34,37,38,39,40,42,42,42,42,44,45,45,45,45,46,46,46,46,46,46,50,50,50,50,50,53,53,55,55,56,57,57,57,57,57,57
Guilford North Carolina,0,0,0,0,0,0,0,0,0,1,1,3,4,5,5,5,5,8,8,9,9,9,10,10,10,11,12,13,13,13,15,16,16,19,19,22,21,23,23,28,30,31,31,31,33,35,35,38,38,38,38,42,44,45,46,47,47,47,47,49,49,50,52,52,52,53,54,56,65,65,65,65,65,71
Gwinnett Georgia,1,1,1,1,1,1,1,1,1,2,4,6,8,8,8,10,10,15,17,17,18,18,22,29,29,32,36,36,38,42,42,46,46,46,46,47,52,54,55,57,58,58,58,65,77,81,84,87,87,87,92,101,101,101,101,102,102,105,114,117,121,121,121,122,121,125,126,127,127,127,128,132,133,135
Hall Georgia,0,0,0,0,0,0,0,0,0,0,0,0,0,0,0,0,0,0,0,0,0,0,0,0,1,5,6,6,6,9,9,9,9,9,9,11,12,16,20,21,22,22,23,23,26,27,27,28,28,28,29,35,37,40,40,40,40,42,40,40,41,41,41,41,41,41,42,46,47,47,47,49,50,50
Hall Nebraska,0,0,0,0,0,0,1,1,1,1,1,1,1,1,1,1,1,2,2,2,4,4,4,4,4,4,4,4,4,4,4,4,12,12,12,12,12,12,12,28,28,28,28,28,28,28,28,28,28,28,28,28,28,28,28,28,28,28,28,39,39,39,39,39,39,39,39,39,39,39,39,39,39,39
Hamilton Indiana,0,0,0,0,0,0,0,0,0,0,4,4,4,4,5,5,10,15,16,19,22,23,24,27,27,29,31,35,35,35,39,41,42,44,50,51,52,58,60,62,67,68,69,72,74,77,78,78,80,80,82,84,84,84,87,90,90,90,92,91,91,91,91,91,92,92,91,92,93,93,93,93,93,94
Hamilton Ohio,0,0,0,0,0,0,0,0,0,0,0,2,2,2,3,9,12,13,14,14,17,17,21,24,27,29,30,30,33,37,39,45,47,51,54,56,56,58,68,71,75,78,80,80,83,93,93,100,99,101,101,102,105,105,109,111,111,112,117,117,123,124,128,128,128,128,131,135,147,148,150,151,156,164
Hampden Massachusetts,0,0,0,0,1,1,4,4,4,11,16,19,27,34,34,38,55,62,62,62,92,102,102,102,151,151,161,181,211,211,244,244,244,244,315,315,337,346,358,373,381,387,398,408,415,425,434,441,445,449,458,464,475,487,494,506,516,517,521,526,533,537,541,542,543,546,554,562,569,572,580,601,603,608
Harris Texas,1,1,1,1,2,2,2,3,5,6,6,6,13,17,20,22,23,31,34,40,41,44,46,52,58,63,67,71,75,78,79,80,82,84,84,84,84,98,109,114,122,129,133,140,144,150,154,160,168,172,179,183,188,193,193,204,204,205,207,210,216,217,219,220,221,221,223,224,228,231,232,235,236,241
Hartford Connecticut,1,2,2,2,2,2,2,2,3,7,11,13,18,26,29,31,48,48,75,88,101,116,133,153,213,243,266,289,295,369,402,442,469,511,553,579,612,643,670,698,715,741,741,773,804,842,867,884,901,909,921,931,963,999,1025,1044,1069,1084,1090,1116,1133,1155,1169,1175,1187,1193,1203,1208,1222,1238,1250,1259,1253,1259
Hendricks Indiana,0,0,0,0,0,2,2,2,1,1,1,1,1,4,4,4,5,6,8,8,9,10,10,11,12,15,17,17,17,17,18,20,25,26,26,29,29,31,33,34,40,41,41,41,44,46,49,52,53,53,54,55,56,57,57,60,61,61,61,61,63,63,65,65,67,67,67,68,71,71,71,71,73,74
Hennepin Minnesota,0,0,0,0,0,0,2,2,5,5,5,6,6,9,11,14,16,18,25,27,30,34,34,40,46,46,61,69,75,80,95,113,123,138,155,177,188,193,209,225,243,259,277,284,303,325,342,362,374,389,398,412,426,441,449,454,462,467,476,485,502,518,524,534,539,549,565,581,593,606,613,616,627,633
Henrico Virginia,0,0,2,2,2,2,2,2,2,2,2,2,2,2,2,2,2,2,2,2,2,42,42,42,52,57,62,62,62,72,72,82,83,86,89,89,89,95,98,100,102,104,105,105,106,106,109,110,109,109,110,112,112,112,113,113,113,113,114,114,114,117,118,118,118,118,119,131,133,133,133,134,135,134
Hillsborough Florida,0,0,0,0,1,1,2,2,2,3,3,5,5,5,5,5,5,7,9,9,14,16,16,17,18,18,19,19,19,19,20,20,21,21,21,21,21,22,23,23,24,24,27,29,32,33,36,37,37,37,38,41,44,46,47,51,53,55,60,64,64,70,72,72,72,72,72,76,79,81,81,81,81,84
Hillsborough New Hampshire,0,1,1,1,1,1,2,2,2,2,2,2,2,2,2,2,2,2,2,2,2,2,0,2,2,2,2,2,2,2,2,2,2,2,2,2,2,2,31,31,31,31,31,31,31,40,40,40,40,40,40,40,54,54,54,54,54,54,54,81,81,81,81,81,81,81,81,134,134,139,139,148,155
Hinds Mississippi,0,0,0,0,0,0,0,0,0,0,0,0,0,0,0,0,0,1,2,2,2,2,2,2,4,4,5,5,5,5,6,6,6,6,7,7,7,7,7,8,8,8,8,9,9,11,11,11,15,15,15,17,17,18,20,22,22,22,22,23,24,24,24,24,24,24,24,24,25,25,25,26,26,26
Howard Maryland,0,0,0,0,0,0,0,0,1,2,2,2,2,3,3,3,3,3,5,5,6,6,8,9,9,10,10,12,12,13,13,14,15,15,16,16,17,18,19,19,19,20,20,22,23,25,27,27,29,29,31,35,38,40,40,43,43,45,49,50,49,50,52,52,52,53,54,56,58,58,58,61,61,61
Hudson New Jersey,1,1,1,1,1,2,4,6,7,2,29,44,59,78,87,92,103,122,132,163,183,226,236,277,312,365,420,434,612,612,636,657,666,706,706,661,673,722,758,798,819,834,845,845,870,903,935,945,954,969,996,1000,1007,1032,1042,1045,1057,1068,1082,1106,1121,1134,1138,1139,1137,1143,1158,1161,1168,1173,1183,1183,1188,1192
Hunterdon New Jersey,0,0,0,0,0,0,0,0,0,0,0,0,0,1,2,2,2,2,4,7,11,11,11,11,14,15,16,17,18,18,18,21,22,22,23,23,23,24,24,29,31,35,37,37,38,39,43,44,46,46,45,45,47,48,49,49,52,52,53,55,55,55,57,57,57,57,57,58,58,60,60,60,60,61
Imperial California,0,0,0,0,0,0,0,0,0,0,0,1,1,1,2,3,3,3,3,3,3,3,3,3,3,3,3,3,3,3,4,5,8,8,8,8,8,8,8,8,9,9,9,9,9,10,11,12,12,12,12,13,14,15,15,15,15,15,18,19,21,21,23,23,23,24,24,26,27,27,27,29,29,29
Jefferson Alabama,0,0,0,0,0,0,0,0,0,0,4,4,6,9,9,10,12,13,14,14,15,15,15,16,17,22,24,25,25,26,26,31,32,33,33,33,36,41,43,46,48,48,48,48,49,53,57,59,60,60,61,62,64,69,71,73,74,74,78,83,85,88,88,88,91,96,97,100,102,102,102,103,103,103
Jefferson Colorado,0,0,0,2,2,2,5,5,5,6,6,7,9,13,17,18,18,23,23,23,25,29,30,31,31,32,33,35,36,36,40,43,53,61,61,61,65,68,73,73,80,81,83,85,88,87,90,93,94,94,94,97,105,107,118,122,126,128,130,136,140,142,142,144,146,147,157,164,169,171,171,171,172,172
Jefferson Kentucky,1,1,1,2,2,2,3,3,3,3,7,7,11,11,17,17,22,22,26,26,26,26,42,46,46,56,60,60,60,67,70,76,78,78,81,81,83,85,90,91,93,93,95,101,105,106,107,108,109,109,112,115,115,115,116,117,117,129,131,137,139,141,141,141,141,142,144,145,145,153,153,156,157,160
Jefferson Louisiana,3,5,6,7,12,24,26,28,37,57,64,73,85,95,113,121,137,149,158,165,166,173,186,210,247,261,269,275,282,286,288,297,306,323,325,329,331,340,340,346,368,369,371,377,381,387,391,392,396,397,402,405,408,423,424,427,430,430,429,431,432,432,432,433,437,438,438,441,446,447,450,451,453,454
Johnson Indiana,1,1,3,3,3,3,3,3,3,3,3,3,4,6,6,6,7,8,11,16,19,20,20,21,25,30,30,31,32,33,39,40,43,48,50,51,51,58,62,62,67,69,72,72,75,77,77,83,85,85,90,91,91,91,93,94,94,94,97,99,102,102,102,104,104,104,104,106,108,108,108,109,110,110
Kane Illinois,0,0,0,1,1,2,4,6,6,7,8,8,9,12,15,15,15,19,19,22,22,23,24,24,24,25,28,29,30,31,33,37,39,39,38,39,39,41,45,48,52,54,57,57,65,74,77,84,88,89,90,93,98,104,107,109,115,115,120,136,145,150,152,152,152,153,162,167,170,176,178,178,186,192
Kansas City Missouri,0,0,0,0,0,0,0,0,0,0,0,2,2,2,0,5,7,7,8,8,8,8,12,12,12,13,13,13,13,13,13,14,15,15,15,15,16,16,16,16,16,16,16,16,16,16,16,16,16,16,16,16,17,18,18,19,20,21,23,23,24,24,24,25,25,19,26,26,26,26,26,27,27
Kenosha Wisconsin,0,0,0,0,0,0,0,0,0,0,0,0,0,0,1,1,1,1,1,1,1,2,4,3,4,5,5,5,5,5,6,6,6,7,7,7,7,9,11,12,13,13,14,14,14,14,14,15,15,15,16,16,17,17,17,18,18,18,19,21,21,22,22,22,22,22,24,25,27,30,30,30,30,30
Kent Delaware,0,0,0,0,0,0,2,3,3,3,3,2,2,2,2,3,4,4,4,4,4,4,6,7,7,9,9,10,10,13,14,15,15,15,18,22,23,23,25,26,27,29,30,30,32,33,34,36,38,38,39,43,45,46,48,52,52,52,53,55,55,56,56,56,56,57,61,61,62,63,63,63,66,66
Kent Michigan,1,1,1,1,1,1,1,1,1,1,2,2,2,2,3,5,6,8,9,13,13,13,13,14,16,16,20,23,25,24,25,25,27,29,32,32,34,34,33,33,36,36,39,39,40,40,41,41,41,41,42,45,47,48,53,54,55,56,58,60,62,65,67,67,68,72,76,79,80,84,85,89,93,93
Kent Rhode Island,0,0,0,0,0,0,0,0,0,0,0,0,0,0,0,0,0,0,0,0,0,0,0,0,0,0,0,0,0,0,0,0,0,0,0,0,0,0,0,0,0,0,0,0,0,0,0,0,0,0,0,0,0,0,0,0,0,0,0,0,0,0,0,0,0,0,0,0,0,0,0,0,0,0
Kern California,0,0,0,0,0,1,1,1,1,1,1,1,2,2,2,2,2,2,2,3,3,3,3,3,3,3,3,3,3,3,3,4,4,4,4,4,5,5,6,7,8,8,8,8,11,11,13,15,15,15,15,17,17,21,24,25,25,25,25,25,25,27,29,29,29,29,36,37,37,38,38,38,39,40
King Washington,75,87,87,101,109,109,136,141,144,150,150,175,186,200,208,222,230,244,258,277,284,292,292,296,303,312,331,331,346,346,360,373,385,393,400,408,416,429,438,447,452,457,459,463,469,474,480,487,491,500,506,513,518,519,521,526,527,528,534,535,539,542,542,547,550,552,559,562,564,567,567,569,570,573
Kings California,0,0,0,0,0,0,0,0,0,0,0,0,0,0,0,0,0,0,0,0,0,1,1,1,1,1,1,1,1,1,1,1,1,1,1,1,1,1,1,1,1,1,1,1,1,1,1,1,1,1,1,1,1,1,1,2,2,2,2,2,2,2,2,2,2,2,3,3,3,3,4,5,5,6
Lackawanna Pennsylvania,0,0,1,2,2,2,2,2,2,3,3,3,4,6,6,7,8,12,16,18,20,20,21,24,26,28,30,35,41,41,53,57,58,61,63,63,63,71,81,82,83,83,86,87,103,106,112,113,115,117,117,124,128,135,141,147,149,125,127,132,137,148,152,153,153,155,159,163,166,170,170,171,174,180
Lake Illinois,0,0,0,0,0,0,1,1,1,2,3,8,13,13,13,15,15,23,23,31,39,42,45,58,62,70,71,75,75,82,87,89,100,105,115,118,118,123,128,138,140,141,145,151,151,162,165,170,173,173,173,185,194,202,207,209,215,215,221,231,237,249,250,250,250,250,270,281,287,288,291,292,307,315
Lake Indiana,0,0,0,0,0,0,1,1,1,5,6,6,7,8,8,8,11,12,19,23,25,25,26,31,33,41,42,43,45,47,54,57,61,63,67,69,70,77,81,83,92,95,95,97,103,106,111,118,122,124,125,128,132,134,136,140,140,140,144,149,162,166,167,167,167,168,170,175,185,186,190,190,200,202
Lancaster Nebraska,0,0,0,0,0,0,0,0,0,0,0,0,0,0,0,0,0,0,1,1,1,1,1,1,1,1,1,1,1,1,1,1,1,1,1,1,1,1,1,1,1,1,1,1,1,1,1,1,1,1,1,1,1,1,1,1,1,1,1,6,6,6,6,6,6,6,6,6,6,6,6,6,6,6
Lancaster Pennsylvania,0,0,0,0,0,0,1,2,2,3,3,4,5,5,8,11,14,14,17,21,23,24,24,56,69,33,35,36,98,101,107,107,107,107,139,140,152,164,164,170,173,173,173,191,198,206,216,222,222,228,233,239,241,245,249,253,255,263,263,266,269,272,279,279,280,281,282,286,292,295,297,297,306,310
Leavenworth Kansas,0,0,0,0,0,0,0,0,0,0,0,0,0,0,0,0,1,1,1,1,1,1,1,1,1,1,1,2,2,3,3,3,3,3,3,3,4,4,4,4,5,5,5,6,6,6,6,6,6,6,6,6,6,6,6,6,6,7,7,7,7,7,7,7,7,7,7,7,7,7,7,7,7,7
Lee Florida,2,2,2,3,3,4,5,6,6,8,8,10,11,11,11,12,14,14,15,14,16,16,18,18,22,24,25,25,27,28,29,29,32,36,36,37,37,40,41,43,42,42,45,46,49,54,54,62,65,65,68,69,70,73,74,79,78,89,89,89,88,92,92,92,93,93,99,100,101,105,105,105,112,113
Lehigh Pennsylvania,1,1,1,1,1,2,3,3,3,4,5,5,5,7,8,8,10,12,13,16,16,18,19,23,25,28,29,29,32,33,49,49,49,49,50,51,56,64,72,74,80,83,83,83,94,102,111,114,120,121,121,123,129,133,136,139,139,173,182,188,192,197,202,206,209,210,215,218,222,228,228,228,235,239
Litchfield Connecticut,0,0,0,0,0,0,0,0,1,1,1,2,4,5,6,8,9,9,13,16,20,24,24,29,35,44,46,48,48,58,59,63,66,69,73,74,75,76,79,80,86,89,89,94,95,100,104,103,105,107,109,110,110,115,115,116,116,116,117,121,121,121,122,121,126,129,130,128,130,131,133,136,133,133
Los Angeles California,5,7,11,13,21,26,26,32,44,54,64,78,89,93,132,147,169,198,223,242,244,269,322,360,405,457,497,576,600,619,663,732,797,850,895,916,944,1002,1056,1111,1174,1209,1231,1257,1315,1369,1418,1470,1515,1531,1570,1616,1660,1711,1753,1793,1821,1840,1913,1973,2016,2053,2092,2106,2116,2145,2201,2241,2294,2339,2362,2386,2448,2489
Loudoun Virginia,0,0,0,0,1,1,1,1,1,1,1,1,1,1,1,1,1,1,1,5,5,5,5,5,7,7,8,8,8,8,8,9,10,10,11,11,12,12,14,15,15,16,16,18,24,24,26,29,30,30,30,35,38,44,48,48,48,48,48,49,49,51,52,52,52,52,53,63,62,62,62,66,67,67
Lucas Ohio,1,1,1,2,2,2,2,2,3,3,3,3,4,7,8,12,16,16,16,16,21,21,21,25,28,28,28,31,33,33,36,44,55,58,59,59,61,66,114,117,119,119,119,120,133,151,155,161,164,164,165,179,187,195,204,203,204,207,209,214,219,218,228,229,229,229,233,240,240,242,242,248,252,256
Luzerne Pennsylvania,0,0,0,1,1,2,2,2,3,4,4,5,5,5,5,5,8,11,12,15,17,17,21,26,27,28,31,32,34,36,50,60,60,62,66,67,71,74,82,88,92,97,97,101,104,107,114,120,111,111,112,120,123,124,127,127,127,122,124,128,130,133,135,135,135,135,138,139,144,147,149,149,153,155
Macomb Michigan,1,2,3,7,11,14,17,20,27,38,51,58,65,78,83,100,121,141,165,197,209,217,240,293,330,354,373,384,391,403,445,473,493,504,517,520,527,572,597,603,614,625,628,643,647,662,678,682,697,698,699,710,717,728,729,739,740,740,753,763,772,776,778,778,778,779,784,787,793,802,810,814,818,826
Mahoning Ohio,0,0,0,0,1,2,2,2,4,9,10,11,12,13,15,17,19,28,28,28,31,31,31,35,41,42,44,45,48,50,54,56,62,65,66,66,65,67,81,80,82,82,83,83,92,108,115,119,122,122,123,132,134,138,145,146,146,148,156,160,162,163,169,169,169,171,173,173,173,174,174,178,186,188
Manassas Virginia,0,0,0,0,0,0,0,0,0,0,0,0,0,0,0,0,0,0,0,0,0,0,0,0,0,0,0,0,0,0,0,0,1,1,1,2,2,2,3,2,2,2,1,1,1,1,1,2,2,2,3,3,4,5,5,5,5,5,5,6,6,7,7,7,9,9,10,10,10,10,10,11,11,12
Manatee Florida,1,1,1,1,1,1,1,1,1,2,2,3,3,3,3,3,5,7,10,11,13,13,15,16,19,20,29,31,31,33,34,34,39,42,42,42,42,46,49,55,57,59,59,59,61,64,68,72,74,74,74,74,75,78,79,81,81,81,82,84,88,90,91,91,91,91,93,95,96,97,97,97,98,98
Maricopa Arizona,2,2,2,2,2,5,5,5,5,5,5,12,12,28,31,31,35,37,39,39,47,47,52,54,60,64,69,70,75,75,83,97,115,120,121,122,122,122,140,145,147,147,147,147,175,186,204,238,245,247,250,259,281,292,302,319,319,324,339,357,361,368,383,384,385,384,397,403,419,430,432,433,448,466
Marion Indiana,3,3,6,6,6,8,10,10,12,17,21,24,33,34,37,37,48,58,81,107,118,123,123,141,155,164,182,190,192,192,206,214,228,238,255,259,267,282,305,328,339,357,360,363,374,390,398,403,412,416,423,429,440,451,465,474,477,480,497,505,518,528,531,533,533,539,546,558,571,576,578,581,592,594
Marion Ohio,0,0,0,0,0,0,0,0,0,0,0,0,0,0,0,0,0,0,0,0,0,0,0,0,0,1,1,1,1,1,1,3,3,4,4,4,4,4,4,4,4,4,4,4,9,13,13,13,13,13,14,14,15,15,15,15,15,15,15,18,18,18,21,21,21,23,23,25,28,28,28,28,30,31
McHenry Illinois,0,0,0,0,1,1,2,2,2,2,2,3,3,3,3,3,3,5,5,5,6,6,7,8,11,13,13,17,17,17,20,22,26,27,28,28,28,31,33,34,37,38,37,38,40,42,44,48,52,51,52,55,56,57,62,62,62,62,64,66,67,67,67,67,67,68,69,70,71,72,72,72,73,78
McKinley New Mexico,0,0,0,0,0,0,0,0,0,0,0,0,0,0,2,2,2,2,2,2,2,2,2,2,2,2,4,5,5,5,5,7,8,9,9,12,12,15,16,19,20,20,21,21,25,29,31,36,40,46,50,55,57,63,69,73,76,78,79,82,86,87,87,93,94,95,97,100,104,109,110,112,114,119
Mecklenburg North Carolina,0,0,0,0,0,0,0,1,1,1,1,3,3,4,4,7,7,10,10,10,12,12,12,15,16,21,24,24,29,36,36,36,37,37,41,41,43,43,43,47,49,49,49,51,57,58,58,58,61,61,63,63,63,63,63,63,64,64,64,69,69,73,73,73,73,73,80,85,88,88,89,92,95,97
Mercer New Jersey,0,0,0,0,0,0,0,0,0,0,3,4,5,13,16,19,24,28,36,39,49,50,53,71,76,87,101,110,113,122,122,145,163,178,183,188,194,212,220,231,239,252,255,256,280,298,313,322,330,334,340,349,360,374,386,396,407,408,422,431,438,443,447,449,450,452,458,462,466,470,472,475,477,485
Miami-Dade Florida,0,0,0,0,0,1,2,3,3,7,7,20,25,31,31,37,41,49,62,74,91,97,109,125,146,183,195,198,207,223,233,240,270,287,295,301,302,324,338,352,358,367,369,378,407,432,454,468,482,487,490,505,518,535,548,559,561,566,578,589,602,614,629,631,633,633,655,669,685,700,700,702,722,731
Michigan Department of Corrections (MDOC) Michigan,8,9,12,12,15,17,17,19,20,25,28,28,31,32,37,38,41,42,42,42,42,45,48,48,50,50,50,51,54,55,56,56,56,56,57,57,60,60,60,60,62,64,64,64,64,65,66,69,69,69,70,70
Middlesex Connecticut,0,0,0,0,1,1,1,1,1,1,2,3,2,4,5,7,7,7,14,17,18,18,19,21,28,30,32,37,40,45,47,53,57,63,62,66,69,70,76,79,82,91,91,93,95,98,104,108,114,115,115,116,116,118,124,124,125,131,131,131,131,135,136,136,138,142,143,144,146,150,152,153,150,152
Middlesex Massachusetts,1,1,1,1,4,5,5,6,8,17,20,28,38,38,41,47,68,80,80,80,137,149,149,149,221,221,258,294,372,372,428,428,428,428,629,670,700,731,802,845,885,923,972,997,1028,1070,1103,1132,1169,1207,1235,1244,1282,1327,1347,1370,1394,1412,1436,1462,1478,1496,1512,1518,1527,1535,1549,1564,1583,1596,1615,1650,1663,1676
Middlesex New Jersey,0,0,0,0,0,0,4,12,12,0,27,48,56,76,80,87,100,139,152,168,177,193,204,216,248,278,309,313,329,345,345,369,396,413,431,442,455,515,531,571,591,618,639,642,667,706,737,748,759,793,794,801,819,841,865,872,884,888,903,913,921,935,942,955,955,959,964,968,972,989,994,996,997,1004
Milwaukee Wisconsin,2,3,3,4,7,8,9,10,10,11,12,16,24,24,39,40,49,56,65,77,85,88,94,101,105,114,120,122,125,132,139,142,150,154,157,162,167,174,177,181,186,191,195,195,201,204,212,219,224,225,231,235,236,242,249,252,252,256,260,265,269,270,276,276,276,277,282,285,294,299,299,299,309,315
Minnehaha South Dakota,0,0,0,0,0,0,0,0,0,0,0,0,0,0,0,1,2,2,2,2,2,2,2,2,2,3,3,3,3,3,4,5,5,5,5,6,6,6,8,8,16,16,16,16,19,19,26,26,29,29,29,29,29,38,39,39,39,39,40,40,41,43,43,43,43,43,45,45,49,49,49,49,49,49
Mobile Alabama,0,0,0,0,0,1,1,1,1,1,3,3,5,5,6,6,8,8,9,11,15,15,17,17,17,22,24,25,28,33,37,39,39,40,40,41,43,46,51,55,61,61,62,66,71,76,78,81,83,85,90,95,96,98,100,100,101,101,103,106,107,107,109,109,111,112,112,112,114,115,116,118,118,118
Monmouth New Jersey,3,3,3,3,3,3,6,8,8,2,24,38,48,54,58,62,71,86,98,107,115,123,127,145,167,190,206,221,226,230,230,251,260,273,287,291,302,305,317,341,355,372,382,385,398,417,428,429,439,443,445,460,466,480,495,503,508,513,520,531,537,543,551,556,556,559,575,578,587,596,597,599,608,619
Monroe Pennsylvania,0,1,1,1,2,2,2,3,7,7,8,10,10,11,11,11,12,17,19,19,22,23,24,27,28,29,29,34,38,39,46,48,48,48,44,45,46,48,54,54,54,55,55,55,60,60,63,63,63,64,64,64,65,69,70,70,70,88,89,93,95,97,99,99,99,99,100,101,101,101,101,101,101,102
Montgomery Alabama,0,0,0,0,0,0,0,0,0,1,1,1,1,1,1,1,1,2,2,4,4,4,5,5,5,5,5,5,3,3,3,3,3,4,4,4,5,5,6,6,6,6,7,8,8,12,13,15,15,15,15,18,19,20,20,20,20,20,24,27,28,29,30,30,33,34,34,34,38,38,40,43,43,43
Montgomery Maryland,1,1,1,1,1,1,1,1,1,1,1,6,9,9,13,19,21,26,30,34,36,42,48,54,54,56,63,86,96,106,116,126,139,154,171,180,210,221,242,255,262,282,295,301,320,333,345,355,369,382,388,407,422,437,449,461,475,480,503,515,528,540,550,558,562,567,572,581,595,605,612,616,624,633
Montgomery Pennsylvania,1,1,1,2,3,3,5,5,5,6,8,9,11,17,18,18,30,37,37,50,60,63,65,76,82,89,97,106,164,184,223,230,230,208,214,217,232,249,329,351,362,369,381,382,443,471,506,515,523,525,525,534,556,587,608,614,620,566,575,596,607,619,633,633,633,635,644,656,674,682,684,686,696,702
Montgomery Texas,0,0,0,0,0,0,0,0,0,0,2,3,3,3,3,3,4,4,4,4,5,5,6,6,6,6,7,7,7,7,7,7,8,9,9,9,10,12,12,12,14,14,14,15,15,15,15,16,16,16,17,17,17,18,18,18,18,18,18,21,21,23,23,23,23,23,26,26,26,26,26,26,26,26
Morris New Jersey,1,1,1,1,1,1,3,8,8,1,25,40,43,51,55,60,87,102,117,135,152,162,162,192,212,216,232,255,257,269,269,309,324,340,347,351,355,377,387,413,430,440,449,449,474,491,503,506,511,516,518,523,531,539,550,561,561,569,572,581,583,587,590,592,593,595,600,605,610,613,615,616,617,619
Multnomah Oregon,1,1,2,2,2,2,2,2,2,2,3,3,3,3,7,7,7,7,13,13,17,19,19,20,22,26,28,28,28,28,29,29,33,35,35,37,37,40,42,43,44,46,46,46,49,50,52,52,53,53,53,53,53,55,55,55,55,55,55,57,57,58,58,58,58,58,58,59,59,59,59,59,61,62
Navajo Arizona,0,0,0,0,0,0,0,0,0,0,0,1,1,1,1,1,1,1,1,1,1,1,1,1,1,1,1,11,11,11,11,12,13,18,18,18,18,18,18,21,21,21,21,21,26,31,32,35,36,36,37,41,42,43,48,48,48,48,48,52,52,53,56,56,56,56,57,58,58,59,60,64,64,67
New Castle Delaware,0,0,0,0,0,0,2,2,2,2,5,7,7,7,7,9,9,9,9,9,19,19,20,20,20,25,30,32,32,33,36,38,40,45,52,55,57,63,65,68,70,76,79,82,83,85,89,91,93,93,95,100,102,108,114,121,124,130,135,138,144,146,146,148,149,150,155,155,163,166,170,172,172,173
New Haven Connecticut,0,0,0,2,2,6,6,6,6,12,15,17,18,29,36,41,60,60,78,98,107,119,135,151,195,214,229,241,257,301,322,345,372,396,416,429,456,478,493,512,533,565,565,595,610,629,643,669,686,701,716,723,745,767,783,800,817,830,838,855,874,888,897,903,922,925,934,946,957,966,972,974,985,990
New London Connecticut,0,0,0,0,0,0,0,0,0,1,1,1,3,3,4,4,4,4,6,7,7,7,7,7,7,9,10,10,10,13,13,14,17,23,28,31,34,34,35,36,42,43,43,45,45,47,49,50,54,54,56,58,60,62,63,65,66,66,66,68,73,72,72,74,78,78,79,83,85,89,89,89,90,92
Nobles Minnesota,0,0,0,0,0,0,0,0,0,0,0,0,0,0,0,0,0,0,0,0,0,1,1,1,1,1,1,1,1,1,1,1,1,1,1,2,2,2,2,2,2,2,2,2,2,2,2,2,2,2,2,2,2,2,2,2,3,3,4,5,5,5,5,5
Norfolk Massachusetts,0,0,0,1,2,6,8,9,10,12,15,21,24,25,26,29,35,41,41,41,79,91,91,91,147,147,173,195,244,244,290,290,290,290,400,400,429,448,484,499,522,535,550,555,575,596,608,623,635,650,661,663,676,696,710,719,725,728,735,749,759,771,774,782,784,791,794,799,811,815,821,841,845,850
Northampton Pennsylvania,1,2,2,3,3,3,4,4,5,5,5,9,10,11,11,12,14,17,20,21,23,23,23,25,25,25,27,29,36,36,43,44,45,46,49,49,49,55,85,94,94,94,94,94,117,122,152,153,158,158,160,161,162,182,196,196,199,171,176,182,186,192,197,198,199,199,203,206,207,210,210,210,213,220
Oakland Michigan,2,4,4,10,15,26,31,34,48,70,99,119,136,142,163,185,205,234,246,282,316,329,347,364,392,420,442,458,471,479,506,529,567,585,612,620,631,654,668,696,705,745,757,762,772,774,789,805,841,843,849,872,874,888,896,910,912,913,928,935,945,944,954,955,955,958,961,971,975,983,988,992,999,1003
Ocean New Jersey,1,1,1,1,1,1,4,6,6,1,23,38,45,56,62,71,85,101,119,121,132,138,141,149,166,185,201,212,217,222,222,270,286,301,317,322,330,342,367,397,420,426,440,447,469,483,500,516,522,540,547,562,571,595,610,617,626,633,643,656,661,678,686,686,690,692,704,711,721,726,739,740,743,755
Oklahoma Oklahoma,0,0,0,2,2,2,3,4,4,7,10,10,10,10,10,11,11,15,15,17,19,19,19,19,22,22,22,22,23,23,24,24,25,27,29,29,29,29,30,31,31,33,33,33,36,40,40,41,42,43,43,43,43,45,45,46,46,46,49,51,54,55,56,56,56,58,58,59,60,61,61,61,62,62
Orange California,0,0,0,1,1,3,4,4,4,7,10,13,13,14,14,14,15,17,17,17,18,19,19,19,22,25,28,32,32,33,33,34,36,36,38,39,39,42,44,45,50,52,52,57,69,65,66,71,74,76,76,77,80,80,84,86,88,88,88,98,112,118,130,131,133,131,136,142,145,146,147,147,150,158
Orange Florida,2,2,2,2,4,4,4,4,4,4,4,5,6,8,8,8,9,10,11,13,13,13,13,13,18,21,23,23,23,27,27,28,29,30,30,30,30,32,33,34,34,35,35,35,35,36,36,35,35,35,35,35,36,36,36,38,38,38,38,38,38,38,39,39,39,39,39,40,41,41,41,41,41,41
Orleans Louisiana,15,20,26,37,46,57,70,73,86,101,115,125,148,153,161,171,185,208,224,225,232,235,244,276,287,302,317,324,329,339,344,367,387,392,399,406,406,410,416,434,437,439,441,447,453,464,463,463,468,468,470,477,481,482,489,495,495,495,494,500,500,500,500,500,502,504,506,505,505,507,507,507,506,509
Ouachita Louisiana,0,1,1,1,1,1,1,1,1,1,1,1,1,1,1,1,1,3,4,5,5,5,5,7,8,9,11,12,13,13,13,14,16,16,16,16,16,16,16,16,21,22,22,22,22,24,25,25,25,25,25,27,31,31,31,31,31,31,32,34,34,34,34,35,36,37,37,40,41,41,41,41,44,48
Out of GA Georgia,0,0,0,7,7,7,7,7,9,10,10,10,9,13,13,14,14,14,14,14,18,18,18,19,22,22,22,24,24,23,23,25,25,25,25,25,25,26,29,28,28,28,28,29,31,31,31,34,34,32,31
Palm Beach Florida,0,3,3,3,3,3,5,5,7,14,14,27,29,35,49,49,51,69,73,76,80,81,92,93,105,112,115,114,121,122,131,131,144,155,155,155,156,173,178,186,191,195,196,196,205,215,222,229,237,237,238,245,254,263,271,275,275,275,284,291,308,311,315,315,315,315,320,327,335,337,337,337,351,359
Passaic New Jersey,0,0,0,0,0,7,7,10,10,1,15,22,34,38,42,53,62,71,82,101,119,131,136,156,182,211,221,243,250,263,263,327,350,383,416,426,438,475,516,573,599,624,632,633,663,690,703,715,734,744,747,765,785,802,816,831,838,839,842,855,864,881,888,890,891,892,899,903,917,925,928,929,931,940
Philadelphia Pennsylvania,0,0,0,1,1,2,5,8,8,10,10,13,14,24,28,45,65,87,87,110,137,176,190,206,222,264,298,342,365,370,394,394,443,449,449,472,484,516,541,541,638,638,638,726,743,803,816,875,891,894,893,908,986,1008,1021,1031,1031,1080,1109,1152,1178,1221,1233,1233,1233,1243,1262,1282,1300,1308,1316,1320,1346,1359
Pickaway Ohio,0,0,0,0,0,0,0,0,0,0,0,0,0,0,0,0,0,0,0,0,0,0,0,0,0,4,4,4,4,5,5,5,5,5,5,5,5,7,20,21,22,22,22,22,22,22,23,23,23,23,23,24,25,25,25,25,25,25,31,32,32,32,35,35,35,35,35,36,36,37,37,37,37,37
Pierce Washington,1,1,1,2,4,5,5,6,6,6,6,7,7,8,10,12,14,16,17,19,19,20,20,20,23,28,28,30,32,34,36,40,44,43,46,46,47,48,49,49,50,50,50,50,52,52,54,55,57,57,58,59,60,60,61,62,62,62,64,68,69,69,69,70,71,71,75,78,78,79,79,79,81,82
Pima Arizona,0,0,1,1,1,4,4,4,4,4,4,11,11,11,12,13,13,16,16,16,16,29,29,29,29,29,29,56,56,58,65,68,70,74,76,76,76,76,80,80,81,81,81,81,105,116,118,131,133,134,134,136,144,152,155,157,157,157,158,167,174,174,173,172,173,173,175,186,185,185,185,185,191,196
Pinellas Florida,0,0,0,1,1,1,1,4,5,5,5,6,7,7,8,8,8,9,10,10,12,13,13,14,14,14,16,16,16,16,18,19,23,24,24,24,25,31,34,37,38,41,41,42,44,50,56,59,59,60,61,62,63,65,66,67,67,68,71,72,73,73,75,75,75,75,79,80,82,82,82,83,90,90
Plymouth Massachusetts,0,0,0,0,0,0,0,0,0,2,5,6,7,8,10,15,26,33,33,33,51,55,55,55,89,89,93,105,131,131,141,141,141,141,212,212,240,256,273,285,301,312,323,333,341,357,364,375,384,393,408,409,424,435,444,455,460,464,470,481,487,492,501,508,513,522,530,539,542,548,552,562,568,572
Polk Florida,0,0,0,0,0,0,0,0,0,1,1,2,2,4,4,4,5,5,6,8,8,8,9,10,10,11,12,12,12,14,15,15,17,18,18,18,18,20,22,23,24,26,26,26,28,30,30,31,33,33,33,35,36,37,40,41,42,43,45,45,46,49,49,49,49,50,54,54,55,55,55,57,58,60
Polk Iowa,0,0,0,0,0,0,0,0,0,0,1,1,1,1,2,4,4,4,4,4,4,4,4,5,7,10,10,13,13,13,16,16,20,22,24,24,27,31,32,35,37,38,40,40,42,45,54,54,58,60,61,64,65,67,76,78,79,81,83,86,91,92,106,108,108,112,115,118,123,125,126,133,133,134
Potter Texas,0,0,0,0,0,0,0,0,0,0,0,0,0,0,1,1,1,1,1,1,2,2,2,2,2,2,2,2,2,3,4,4,5,5,6,6,6,6,6,8,8,9,9,9,9,12,15,15,15,15,15,17,17,21,23,23,23,23,23,24,24,24,24,26,26,26,26,27,27,28,30,30,30,31
Prince George's Maryland,1,1,2,2,2,2,2,3,6,7,7,9,9,13,16,23,26,32,34,42,50,55,63,72,72,72,77,95,105,112,118,132,150,158,173,174,198,206,224,240,243,269,277,284,295,311,324,339,349,353,359,373,389,398,413,420,429,436,445,453,466,477,484,490,497,506,520,530,530,539,541,545,552,565
Prince William Virginia,0,0,0,0,0,0,1,1,1,1,1,1,1,1,1,1,1,1,1,1,1,1,1,1,1,1,1,1,1,1,1,17,18,18,19,19,20,20,22,24,28,29,30,32,33,33,39,46,47,48,53,58,65,66,67,69,70,70,73,79,79,80,84,84,94,96,99,101,101,104,104,104,104,109
Providence Rhode Island,0,0,0,0,0,0,0,0,0,0,0,0,3,3,3,3,3,3,3,3,3,3,3,3,3,3,3,3,3,3,3,3,0,0,0,0,0,0,0,0,0,0,0,0,0,0,0,0,0,0,0,0,0,0,0,0,0,0,0,0,0,0,0,0,0,0,0,0,0,0,0,0,0,0
Pulaski Arkansas,0,0,0,0,0,0,0,0,2,2,2,2,2,2,2,2,2,2,8,8,9,9,10,10,10,11,11,12,12,12,12,12,12,14,14,14,15,16,16,17,18,19,19,20,21,22,22,22,22,23,23,23,23,23,23,23,23,25,25,28,28,29,29,29,29,30,30,31,34,34,34,34,35,35
Racine Wisconsin,0,0,0,0,0,0,0,0,0,0,0,0,0,0,1,2,2,2,2,3,3,3,4,5,6,6,8,8,9,10,10,10,10,10,10,10,10,12,12,12,13,13,13,14,15,15,16,16,16,16,16,17,17,17,18,18,18,18,19,20,20,22,22,22,25,25,28,33,35,36,37,40,41,41
Ramsey Minnesota,1,1,1,1,2,2,2,2,2,2,2,2,2,2,2,3,3,3,5,5,6,6,6,7,7,7,9,9,9,10,11,11,14,18,20,20,22,22,24,26,29,31,34,34,37,38,39,42,43,45,47,49,55,56,61,67,71,72,74,80,86,93,94,97,97,98,103,110,115,122,124,128,133,134
Richland South Carolina,0,0,0,0,0,1,2,2,2,2,3,3,5,6,6,7,7,7,10,10,10,10,10,11,12,13,14,14,14,14,14,15,17,17,18,19,19,21,30,33,34,38,40,42,47,49,52,52,54,54,57,59,59,60,60,60,61,61,61,62,62,62,63,63,63,63,66,66,66,66,66,66,66,66
Richmond City Virginia,0,0,0,0,0,0,0,0,0,0,0,0,0,0,0,0,0,0,0,0,0,0,0,0,0,0,10,10,10,10,10,10,13,14,14,14,14,14,14,15,15,16,16,16,16,16,17,18,18,18,18,18,18,18,18,18,18,18,19,19,20,20,19,19,20,20,21,21,22,24,24,25,24,24
Riverside California,6,6,6,7,8,8,8,8,9,13,13,14,14,15,19,25,28,32,33,39,41,41,41,50,50,54,69,69,75,85,85,93,100,112,112,118,141,141,143,149,156,156,161,181,184,186,192,192,204,204,217,225,225,235,242,242,242,261,270,270,284,290,290,290,292,303,303,313,323,323,323,331,342,342
Rockingham New Hampshire,0,0,0,0,0,0,0,0,1,1,1,1,1,1,1,1,1,1,1,1,1,1,1,1,1,1,1,1,1,1,1,1,1,1,1,1,1,1,1,16,16,16,16,16,16,16,28,28,28,28,28,28,28,53,53,53,53,53,53,53,62,62,62,62,62,62,62,62,73,73,75,75,76,76
Rutherford Tennessee,0,0,0,0,0,0,0,0,0,0,0,1,3,3,3,3,3,3,6,6,6,6,6,6,6,6,6,6,6,7,7,7,7,7,8,9,9,10,11,11,11,11,11,11,12,14,14,14,14,14,14,18,20,19,19,19,19,19,19,19,20,20,22,22,22,22,22,22,22,23,23,23,27,28
Sacramento California,3,4,4,5,5,6,6,6,7,7,7,9,10,10,16,18,21,22,33,24,24,26,27,28,32,32,32,33,34,34,35,36,41,41,41,41,41,41,42,43,42,42,42,47,47,47,49,50,50,50,50,50,51,54,54,54,55,56,56,56,56,56,56,56,56,56,56,56,56,56,56,58,58,58
Saginaw Michigan,0,0,0,0,0,0,0,0,0,0,0,0,0,0,0,2,3,6,7,9,9,9,13,17,19,20,24,24,24,29,32,35,38,40,43,43,47,52,56,59,63,66,66,68,70,74,78,79,83,83,85,87,90,93,95,97,97,99,99,100,103,104,105,106,106,107,107,108,108,108,108,108,109,109
Salt Lake Utah,0,0,0,0,0,0,0,0,2,2,2,4,4,4,4,7,7,7,7,7,7,7,7,7,7,7,12,13,15,15,18,18,20,23,24,24,24,24,28,29,29,30,31,31,35,37,39,39,43,44,45,49,51,51,52,53,55,55,61,62,64,64,67,67,67,69,70,70,71,74,74,74,74,78
San Bernardino California,0,0,0,1,2,3,3,3,3,4,6,6,8,13,13,13,16,17,20,24,25,25,31,31,31,39,47,57,57,60,67,67,77,80,80,82,82,85,89,93,94,97,97,97,101,104,108,111,114,114,115,120,138,139,150,155,155,155,157,158,164,173,176,176,176,176,176,190,199,204,204,204,208,209
San Diego California,0,1,1,2,3,3,6,7,7,7,9,15,16,17,18,19,19,31,36,40,44,45,45,47,53,60,63,70,71,71,72,96,100,102,111,111,111,113,120,120,124,134,139,139,144,158,158,165,169,175,175,190,190,200,200,209,209,209,222,230,230,241,249,249,249,249,249,260,260,269,269,269,269,276
San Francisco California,0,0,0,1,2,3,4,4,6,6,7,7,7,8,8,9,9,10,10,13,13,14,15,15,17,17,20,20,20,20,20,21,21,22,22,22,23,23,23,25,28,29,29,29,31,31,32,33,33,34,35,35,35,35,36,36,36,36,36,37,37,40,40,40,40,40,40,40,41,41,42,43,43,43
San Joaquin California,2,2,2,3,3,3,4,4,6,6,8,9,9,11,11,11,13,13,14,14,14,15,16,17,17,17,17,17,17,17,18,20,22,24,24,25,25,25,25,25,25,25,25,26,26,27,28,28,28,29,29,30,31,31,31,31,32,32,33,33,33,33,33,33,33,33,33,35,34,34,34,34,35,35
San Juan New Mexico,0,0,0,0,0,0,0,0,0,0,0,0,0,0,0,0,0,0,0,0,0,2,2,7,10,10,13,14,15,17,17,22,24,27,33,35,35,36,38,45,49,51,57,57,62,62,62,64,69,71,71,74,80,81,84,85,86,87,92,96,99,103,103,108,110,112,113,114,115,117,121,123,124,127
San Mateo California,1,1,1,5,5,6,6,6,6,10,10,10,13,13,13,13,21,21,21,21,21,21,21,21,21,28,28,28,28,28,28,39,39,41,41,41,41,48,48,48,51,51,51,51,56,56,56,56,56,56,56,65,65,65,66,66,66,66,75,75,75,76,76,76,76,82,82,82,84,84,84,84,84,84
Santa Barbara California,0,0,0,0,0,0,0,0,0,0,0,1,1,1,1,2,2,2,2,2,2,2,2,2,2,2,3,3,4,4,4,5,5,6,7,7,7,7,8,8,8,8,8,8,8,9,9,10,11,11,11,11,11,11,11,11,11,11,11,11,11,11,12,12,12,12,12,12,12,12,12,12,12,14
Santa Clara California,8,10,16,17,19,20,25,25,28,30,32,36,36,39,39,39,43,46,46,47,50,51,60,60,65,69,73,73,73,83,83,94,95,98,99,100,103,106,107,111,113,114,115,117,121,126,127,128,128,129,129,130,130,134,134,135,135,135,137,138,138,138,139,139,139,139,140,140,140,141,141,141,143,144
Shelby Tennessee,0,0,0,0,0,0,0,1,1,1,1,7,7,8,11,13,15,17,20,20,26,26,21,26,26,32,33,33,35,35,39,39,44,42,43,44,44,44,44,47,51,55,55,58,60,64,64,67,68,68,70,73,75,81,81,85,85,87,87,87,91,92,92,94,94,96,105,107,110,111,111,111,117,119
Snohomish Washington,10,11,16,16,18,23,23,23,23,33,40,41,42,45,48,58,61,63,64,64,68,69,73,77,80,86,88,91,93,97,98,98,101,102,102,104,106,108,108,108,109,109,109,111,112,112,114,115,117,117,118,121,121,122,125,125,125,125,132,132,133,135,135,135,136,142,145,147,147,148,148,149,149,150
Somerset New Jersey,0,1,1,1,1,1,4,6,6,1,15,17,23,24,26,31,40,46,59,69,78,79,85,91,101,121,135,146,158,170,170,183,196,198,219,223,227,242,252,270,282,289,295,298,306,315,320,328,331,333,335,339,340,348,359,363,375,375,382,384,387,392,397,399,399,399,408,410,411,417,419,419,419,423
St. Clair Illinois,0,0,0,0,0,0,0,2,2,2,2,2,2,2,2,2,2,3,3,5,7,8,8,8,10,14,17,17,18,18,18,19,19,19,24,24,24,25,29,30,31,33,33,34,41,42,44,46,49,50,52,53,59,61,63,65,65,66,69,69,69,70,70,71,72,73,73,77,79,80,82,82,86,89
St. Joseph Indiana,0,0,0,0,0,1,1,1,1,1,1,1,1,1,1,1,1,1,1,2,3,3,3,4,5,7,7,8,8,9,9,10,10,11,11,14,15,16,17,17,19,20,20,20,21,24,24,25,25,25,26,27,28,28,28,28,28,28,30,31,32,33,34,34,34,34,34,34,34,34,34,34,34,35
St. Louis Missouri,1,1,1,1,2,2,2,2,2,3,3,4,4,7,11,13,14,24,26,33,42,42,42,53,53,66,72,80,81,82,91,97,105,121,127,127,137,159,159,162,168,177,177,177,189,204,220,246,255,262,266,278,293,305,318,329,333,336,347,350,376,380,384,385,387,387,388,395,415,442,443,443,444,446
St. Louis City Missouri,0,1,1,1,1,1,1,1,1,1,1,1,1,5,6,4,10,12,17,13,17,17,19,24,26,27,28,30,30,30,40,42,45,48,50,50,57,59,60,64,65,65,70,71,78,82,83,85,86,88,90,91,95,95,95,96,97,100,108,109,109,110,110,112,112,116,117,118,118,130,130,130,131,132
St. Tammany Louisiana,0,0,1,1,1,2,2,3,4,4,6,9,10,14,14,17,17,18,19,27,32,39,48,55,60,60,66,67,71,73,74,81,89,91,93,94,100,104,108,110,112,114,114,116,118,120,124,125,130,133,136,141,142,142,143,142,144,147,149,151,154,154,154,156,156,156,156,156,157,158,158,158,159,162
Stearns Minnesota,0,0,0,0,0,0,0,0,0,0,0,0,0,0,0,0,0,0,0,0,0,0,0,0,0,0,0,0,0,0,0,0,0,0,0,0,0,0,0,0,0,0,0,2,2,3,4,4,5,5,6,6,7,9,9,10,10,10,10,11,11,12,12,12,12,12,12,12,13,13,13,13,13,14
Suffolk Massachusetts,1,1,1,1,2,2,3,3,5,6,13,19,21,26,27,31,40,48,48,48,79,86,86,86,145,145,164,188,236,236,285,285,285,285,391,391,448,469,504,524,550,569,588,596,609,642,663,683,703,718,731,732,749,759,768,778,787,793,797,807,813,818,827,838,839,844,850,852,861,868,871,896,902,908
Summit Ohio,0,0,0,0,0,1,4,5,5,5,7,7,7,7,9,10,12,12,12,12,14,14,15,15,15,16,17,20,21,24,28,30,32,35,35,38,39,43,49,49,49,57,58,58,66,70,73,74,78,78,78,86,88,101,104,110,110,112,113,131,139,148,159,159,159,159,160,172,172,172,173,176,180,181
Sussex Delaware,0,0,0,0,1,1,1,1,1,2,3,3,3,3,3,3,3,3,3,3,10,10,15,16,16,18,22,25,25,26,32,36,37,40,42,43,45,51,54,58,62,63,68,70,72,75,79,86,90,90,91,93,99,105,108,112,113,114,115,116,117,119,119,121,126,128,128,129,131,132,133,133,135,136
Sussex New Jersey,0,0,0,0,0,0,0,1,1,0,6,7,8,9,9,11,15,21,21,26,27,35,38,39,41,43,54,55,62,64,64,76,82,84,91,92,93,97,99,103,110,114,115,116,120,122,123,125,127,127,128,135,137,137,137,137,138,138,139,140,140,141,145,145,145,145,146,147,147,149,149,149,149,149
Tarrant Texas,1,1,1,1,1,1,1,1,1,1,3,6,7,9,11,13,18,19,20,21,25,25,25,29,30,34,35,38,38,39,42,42,45,48,52,52,53,53,58,68,68,69,71,75,77,83,90,90,95,101,103,104,109,114,117,120,121,123,123,130,132,132,132,143,144,144,144,155,155,160,165,165,165,167
Travis Texas,0,0,0,0,0,1,1,1,2,2,2,3,3,4,6,6,4,7,7,7,9,9,9,11,14,17,21,21,23,25,26,27,31,32,32,36,39,42,42,47,51,51,52,53,58,57,59,60,60,60,65,71,72,74,77,77,77,77,79,81,82,82,82,83,84,85,88,91,91,93,93,93,93,93
Trousdale Tennessee,0,0,0,0,0,0,0,0,0,0,0,1,1,1,1,1,1,1,1,1,1,1,1,1,1,1,1,1,1,1,1,1,1,1,1,1,1,1,1,1,1,1,1,1,2,2,2,2,2,2,2,3,3,3,4,4,4,4,4,4,4,4,4,4,4,4,4,4,4,4,4,4,4,4
Tulare California,0,0,0,0,0,0,0,1,1,1,1,2,2,3,5,6,7,7,9,11,11,11,13,13,15,17,17,17,17,18,18,25,25,28,32,32,32,35,36,40,40,40,40,40,40,41,43,44,46,48,50,52,54,54,64,67,67,67,71,73,74,75,75,75,75,79,79,80,84,84,84,89,89,90
Tulsa Oklahoma,1,1,1,1,1,1,3,3,3,3,3,5,8,8,8,8,14,16,16,16,16,18,18,19,21,21,21,21,22,22,25,25,26,27,27,27,28,32,33,33,33,34,34,34,36,36,36,36,36,36,36,37,37,37,37,37,37,37,37,39,40,41,44,44,44,47,49,49,51,54,54,54,57,57
Unassigned Georgia,10,10,17,24,32,42,2,2,1,1,2,1,4,4,5,5,7,6,8,5,4,4,1,7,7,0,0,0,0,2,0,0,0,0,1,0,2,2,2,0,0,0,0,3,3,0,0,0,0,2,2,1,0,0,0,0,0,0,0,1,2,0,0,0,0,1,0,0,0,0,1,1,0,0
Unassigned Rhode Island,0,0,0,0,0,0,2,3,4,8,10,12,11,14,22,24,27,32,40,40,53,60,60,77,77,84,115,134,147,152,168,178,189,202,215,226,233,239,251,266,279,296,320,341,355,370,388,399,418,422,430,444,462,468,479,489,499,506,532,538,556,579,597,608,608,634,655,677,693,711,718,720,732,742
Union New Jersey,0,0,0,0,0,0,0,7,7,0,29,34,45,66,71,78,95,125,145,161,195,209,217,238,269,301,330,356,372,387,387,481,515,542,563,571,583,627,653,690,714,731,738,737,768,800,829,844,852,867,875,899,908,930,939,946,957,962,977,994,1005,1018,1022,1025,1024,1030,1042,1047,1060,1067,1073,1074,1078,1086
Utah Utah,0,0,0,0,0,0,0,0,0,0,0,0,0,0,0,2,2,2,2,2,2,2,2,2,2,2,4,5,5,5,5,5,6,7,7,7,7,7,7,7,7,9,9,9,10,10,11,11,11,11,11,11,11,11,11,11,11,11,12,13,13,13,14,14,14,14,15,17,17,17,17,17,17,17
Ventura California,0,1,1,1,1,1,3,3,4,4,5,5,6,6,6,6,6,7,7,10,10,10,10,10,13,13,13,13,13,13,13,13,16,16,16,16,17,17,17,18,18,19,19,19,19,19,19,19,19,19,19,19,24,25,25,25,25,25,25,28,29,29,30,30,30,30,32,32,32,33,33,34,34,34
Wake North Carolina,0,0,0,0,0,0,0,0,0,0,0,0,0,0,0,0,0,0,0,0,0,0,0,0,1,3,3,4,4,8,9,9,11,12,13,13,14,16,17,18,19,19,19,19,21,21,21,23,23,23,23,25,26,28,28,28,28,28,28,30,30,32,32,32,33,34,36,37,37,38,39,39,39,40
Walker Texas,0,0,0,0,0,0,0,0,0,0,0,0,0,0,0,0,0,0,0,0,0,0,0,0,0,0,0,0,0,0,0,1,1,2,2,2,2,2,2,2,2,2,2,2,2,2,2,2,2,2,2,2,2,19,19,19,26,26,26,27,27,27,27,27,27,27,27,27,27,27,27,27,27,27
Warren Kentucky,0,0,0,0,0,0,0,0,0,0,0,0,0,0,0,0,0,0,0,0,0,0,0,0,0,0,0,0,0,0,0,0,0,0,0,0,0,0,0,0,0,1,1,1,1,1,2,2,2,2,2,2,2,2,2,2,2,2,3,3,5,5,5,5,5,5,5,6,6,6,6,6,6,6
Warren New Jersey,0,0,0,0,0,0,0,1,1,0,3,3,3,6,6,7,7,9,9,15,18,22,24,25,30,33,36,39,44,47,47,55,60,61,63,65,67,71,81,82,83,84,86,87,91,94,99,101,103,104,104,108,114,115,118,118,120,121,121,122,123,123,126,126,126,128,129,129,131,131,131,132,132,132
Washoe Nevada,0,0,0,0,0,0,0,1,1,3,3,4,4,4,4,4,5,6,8,10,10,11,12,12,14,14,15,16,18,18,18,18,22,22,27,27,27,29,30,30,33,33,33,34,36,37,38,39,39,39,39,40,43,45,46,46,47,48,48,48,48,48,49,48,54,54,54,55,55,59,59,59,59,61
Washtenaw Michigan,0,0,3,3,3,3,3,5,6,7,8,8,8,8,8,10,11,13,15,15,18,18,18,21,24,25,25,29,30,31,38,40,42,47,50,50,55,56,59,61,66,70,71,76,76,77,77,80,81,81,81,82,83,86,87,88,88,89,89,90,95,96,96,96,96,96,97,100,100,100,99,99,99,100
Wayne Michigan,5,8,13,21,26,37,46,56,83,120,146,194,223,252,293,346,402,446,504,609,652,704,760,820,884,884,1044,1070,1119,1148,1148,1319,1396,1443,1443,1580,1622,1682,1727,1782,1802,1884,1893,1924,1945,1973,2012,2028,2082,2097,2105,2140,2156,2183,2192,2212,2213,2226,2275,2284,2313,2323,2361,2359,2364,2368,2406,2410,2425,2452,2461,2463,2475,2479
Wayne North Carolina,0,0,0,0,0,0,0,0,0,0,0,0,0,0,0,0,0,0,0,1,1,1,0,2,2,4,4,4,4,4,6,6,6,6,8,8,10,10,10,10,11,11,11,11,12,12,12,12,13,13,13,13,13,14,15,15,15,15,15,16,16,18,18,18,18,18,20,22,20,20,20,20,20,20
Weld Colorado,1,2,2,4,4,4,6,9,9,12,12,13,16,16,24,26,26,30,30,30,40,48,53,55,55,57,60,61,64,64,69,69,70,82,82,82,87,88,93,95,100,100,100,102,107,109,113,113,113,113,114,117,119,119,122,123,123,123,124,125,125,125,125,125,124,127,128,129,130,131,131,132,132,133
Will Illinois,1,1,1,2,3,3,4,4,5,8,9,9,10,11,13,19,19,37,37,52,57,60,63,77,81,88,90,94,101,102,105,110,119,125,131,133,136,145,148,151,158,164,162,169,178,189,194,199,202,202,202,210,214,231,237,240,240,240,244,247,250,253,257,257,258,258,264,268,269,273,276,277,280,282
Winnebago Illinois,0,0,0,0,0,0,0,0,0,0,1,1,1,1,1,1,1,3,3,3,4,4,4,4,4,4,4,4,4,4,5,5,7,7,8,8,8,10,10,11,11,11,16,18,19,20,21,21,24,25,25,28,32,32,33,34,35,37,39,40,44,46,49,50,51,51,52,53,54,55,55,55,56,57
Woodbury Iowa,0,0,0,0,0,0,0,0,0,0,0,0,0,0,0,0,0,0,0,0,0,0,0,0,0,0,0,0,0,0,0,1,1,1,1,1,1,1,1,1,1,2,2,2,3,4,4,7,7,8,9,11,14,14,14,16,16,17,17,21,23,23,23,24,24,28,31,32,34,34,34,36,36,37
Worcester Massachusetts,0,0,0,2,3,3,5,5,5,7,9,13,14,17,17,18,23,29,29,29,41,49,49,49,74,74,84,92,114,114,133,133,133,133,183,183,215,229,253,265,278,292,312,320,331,365,385,404,420,444,457,459,489,524,538,554,569,581,597,625,640,652,667,679,692,700,716,738,746,753,767,779,790,804
Wyandotte Kansas,1,1,1,2,2,3,3,4,4,4,4,4,6,6,6,6,10,12,13,13,20,24,28,30,31,34,35,35,37,44,45,47,47,49,50,51,53,53,55,55,55,55,55,61,64,64,64,64,64,64,65,65,66,67,69,70,70,70,70,71,71,71,71,71,72,72,72,73,73,73,73,74,74,74
Yakima Washington,0,0,0,1,2,2,2,2,3,3,3,6,6,7,9,12,12,17,18,19,20,21,21,25,29,29,29,34,36,36,38,38,41,43,44,44,45,45,47,47,47,47,47,48,52,52,57,58,59,59,62,65,68,71,72,74,75,75,81,82,83,83,83,87,91,91,91,93,94,95,95,95,96,97
York Pennsylvania,0,0,0,0,0,0,0,0,0,0,0,1,1,1,1,1,2,2,3,3,3,3,3,3,4,4,4,4,6,6,13,14,14,14,8,8,9,9,9,9,11,11,11,11,11,11,13,13,13,13,13,14,14,15,16,15,16,18,18,19,21,22,22,22,22,22,22,25,26,26,26,26,26,27
Yuma Arizona,0,0,0,0,0,0,0,0,0,0,0,0,0,0,0,0,0,0,0,0,0,0,0,0,0,1,1,1,1,1,1,1,1,1,1,1,1,1,1,1,1,1,1,1,1,1,1,1,3,3,3,3,4,4,4,4,4,5,5,5,7,7,10,10,10,13,13,14,14,15,16,16,17,21
 Puerto Rico,1,2,2,2,2,3,3,3,6,8,11,12,15,18,20,21,23,24,33,39,42,44,45,45,51,56,58,60,62,63,64,63,69,77,83,84,84,86,86,92,94,95,97,97,99,99,102,107,108,111,113,114,115,117,122,122,123,124,124,125,126,126,127,127,129,129,129,131,132,133,136,136,138,140
Williamson Texas,0,0,0,0,0,0,0,1,1,1,1,1,1,1,2,2,3,4,4,4,4,4,4,4,4,4,4,4,4,4,4,5,5,5,5,6,6,6,7,9,10,10,10,10,11,12,12,12,13,13,14,16,16,19,19,19,19,19,20,20,20,21,21,21,22,22,22,23,24,24,24,25,25,25
Hampshire Massachusetts,0,0,0,0,0,0,0,0,0,1,1,2,3,3,3,3,3,3,3,3,5,6,6,6,6,6,6,7,7,7,10,10,10,10,20,20,26,27,26,30,32,33,36,36,47,47,48,48,50,55,57,57,64,66,67,69,72,72,73,76,76,76,77,78,80,82,82,83,86,88,89,89,90,93
